Date,Open,High,Low,Close
30-Apr-2018,"9426,11","9477,14","9166,81","9240,55"
29-Apr-2018,"9346,41","9531,49","9193,71","9419,08"
28-Apr-2018,"8939,27","9412,09","8931,99","9348,48"
27-Apr-2018,"9290,63","9375,47","8987,05","8987,05"
26-Apr-2018,"8867,32","9281,51","8727,09","9281,51"
25-Apr-2018,"9701,03","9745,32","8799,84","8845,74"
24-Apr-2018,"8934,34","9732,61","8927,83","9697,5"
23-Apr-2018,"8794,39","8958,55","8788,81","8930,88"
22-Apr-2018,"8925,06","9001,64","8779,61","8802,46"
21-Apr-2018,"8848,79","8997,57","8652,15","8895,58"
20-Apr-2018,"8286,88","8880,23","8244,54","8845,83"
19-Apr-2018,"8159,27","8298,69","8138,78","8294,31"
18-Apr-2018,"7944,43","8197,8","7886,01","8163,42"
17-Apr-2018,"8071,66","8285,96","7881,72","7902,09"
16-Apr-2018,"8337,57","8371,15","7925,73","8058,67"
15-Apr-2018,"7999,33","8338,42","7999,33","8329,11"
14-Apr-2018,"7874,67","8140,71","7846","7986,24"
13-Apr-2018,"7901,09","8183,96","7758,93","7895,96"
12-Apr-2018,"6955,38","7899,23","6806,51","7889,25"
11-Apr-2018,"6843,47","6968,32","6817,59","6968,32"
10-Apr-2018,"6795,44","6872,41","6704,15","6834,76"
09-Apr-2018,"7044,32","7178,11","6661,99","6770,73"
08-Apr-2018,"6919,98","7111,56","6919,98","7023,52"
07-Apr-2018,"6630,51","7050,54","6630,51","6911,09"
06-Apr-2018,"6815,96","6857,49","6575","6636,32"
05-Apr-2018,"6848,65","6933,82","6644,8","6811,47"
04-Apr-2018,"7456,41","7469,88","6803,88","6853,84"
03-Apr-2018,"7102,26","7530,94","7072,49","7456,11"
02-Apr-2018,"6844,86","7135,47","6816,58","7083,8"
01-Apr-2018,"7003,06","7060,95","6526,87","6844,23"
31-Mar-2018,"6892,48","7207,85","6863,52","6973,53"
30-Mar-2018,"7171,45","7276,66","6683,93","6890,52"
29-Mar-2018,"7979,07","7994,33","7081,38","7165,7"
28-Mar-2018,"7836,83","8122,89","7809,17","7954,48"
27-Mar-2018,"8200","8232,78","7797,28","7833,04"
26-Mar-2018,"8498,47","8530,08","7921,43","8209,4"
25-Mar-2018,"8612,81","8682,01","8449,1","8495,78"
24-Mar-2018,"8901,95","8996,18","8665,7","8668,12"
23-Mar-2018,"8736,25","8879,62","8360,62","8879,62"
22-Mar-2018,"8939,44","9100,71","8564,9","8728,47"
21-Mar-2018,"8937,48","9177,37","8846,33","8929,28"
20-Mar-2018,"8619,67","9051,02","8389,89","8913,47"
19-Mar-2018,"8344,12","8675,87","8182,4","8630,65"
18-Mar-2018,"7890,52","8245,51","7397,99","8223,68"
17-Mar-2018,"8321,91","8346,53","7812,82","7916,88"
16-Mar-2018,"8322,91","8585,15","8005,31","8338,35"
15-Mar-2018,"8290,76","8428,35","7783,05","8300,86"
14-Mar-2018,"9214,65","9355,85","8068,59","8269,81"
13-Mar-2018,"9173,04","9470,38","8958,19","9194,85"
12-Mar-2018,"9602,93","9937,5","8956,43","9205,12"
11-Mar-2018,"8852,78","9711,89","8607,12","9578,63"
10-Mar-2018,"9350,59","9531,32","8828,47","8866"
09-Mar-2018,"9414,69","9466,35","8513,03","9337,55"
08-Mar-2018,"9951,44","10147,4","9335,87","9395,01"
07-Mar-2018,"10803,9","10929,5","9692,12","9965,57"
06-Mar-2018,"11500,1","11500,1","10694,3","10779,9"
05-Mar-2018,"11532,4","11704,1","11443,9","11573,3"
04-Mar-2018,"11497,4","11512,6","11136,1","11512,6"
03-Mar-2018,"11101,9","11528,2","11002,4","11489,7"
02-Mar-2018,"10977,4","11189","10850,1","11086,4"
01-Mar-2018,"10385","11052,3","10352,7","10951"
28-Feb-2018,"10687,2","11089,8","10393,1","10397,9"
27-Feb-2018,"10393,9","10878,5","10246,1","10725,6"
26-Feb-2018,"9669,43","10475","9501,73","10366,7"
25-Feb-2018,"9796,42","9923,22","9407,06","9664,73"
24-Feb-2018,"10287,7","10597,2","9546,97","9813,07"
23-Feb-2018,"9937,07","10487,3","9734,56","10301,1"
22-Feb-2018,"10660,4","11039,1","9939,09","10005"
21-Feb-2018,"11372,2","11418,5","10479,1","10690,4"
20-Feb-2018,"11231,8","11958,5","11231,8","11403,7"
19-Feb-2018,"10552,6","11273,8","10513,2","11225,3"
18-Feb-2018,"11123,4","11349,8","10326","10551,8"
17-Feb-2018,"10207,5","11139,5","10149,4","11112,7"
16-Feb-2018,"10135,7","10324,1","9824,82","10233,9"
15-Feb-2018,"9488,32","10234,8","9395,58","10166,4"
14-Feb-2018,"8599,92","9518,54","8599,92","9494,63"
13-Feb-2018,"8926,72","8958,47","8455,41","8598,31"
12-Feb-2018,"8141,43","8985,92","8141,43","8926,57"
11-Feb-2018,"8616,13","8616,13","7931,1","8129,97"
10-Feb-2018,"8720,08","9122,55","8295,47","8621,9"
09-Feb-2018,"8271,84","8736,98","7884,71","8736,98"
08-Feb-2018,"7637,86","8558,77","7637,86","8265,59"
07-Feb-2018,"7755,49","8509,11","7236,79","7621,3"
06-Feb-2018,"7051,75","7850,7","6048,26","7754"
05-Feb-2018,"8270,54","8364,84","6756,68","6955,27"
04-Feb-2018,"9175,7","9334,87","8031,22","8277,01"
03-Feb-2018,"8852,12","9430,75","8251,63","9174,91"
02-Feb-2018,"9142,28","9142,28","7796,49","8830,75"
01-Feb-2018,"10237,3","10288,8","8812,28","9170,54"
31-Jan-2018,"10108,2","10381,6","9777,42","10221,1"
30-Jan-2018,"11306,8","11307,2","10036,2","10106,3"
29-Jan-2018,"11755,5","11875,6","11179,2","11296,4"
28-Jan-2018,"11475,3","12040,3","11475,3","11786,3"
27-Jan-2018,"11174,9","11614,9","10989,2","11440,7"
26-Jan-2018,"11256","11656,7","10470,3","11171,4"
25-Jan-2018,"11421,7","11785,7","11057,4","11259,4"
24-Jan-2018,"10903,4","11501,4","10639,8","11359,4"
23-Jan-2018,"10944,5","11377,6","10129,7","10868,4"
22-Jan-2018,"11633,1","11966,4","10240,2","10931,4"
21-Jan-2018,"12889,2","12895,9","11288,2","11600,1"
20-Jan-2018,"11656,2","13103","11656,2","12899,2"
19-Jan-2018,"11429,8","11992,8","11172,1","11607,4"
18-Jan-2018,"11198,8","12107,3","10942,5","11474,9"
17-Jan-2018,"11431,1","11678","9402,29","11188,6"
16-Jan-2018,"13836,1","13843,1","10194,9","11490,5"
15-Jan-2018,"13767,3","14445,5","13641,7","13819,8"
14-Jan-2018,"14370,8","14511,8","13268","13772"
13-Jan-2018,"13952,4","14659,5","13952,4","14360,2"
12-Jan-2018,"13453,9","14229,9","13158,1","13980,6"
11-Jan-2018,"14968,2","15018,8","13105,9","13405,8"
10-Jan-2018,"14588,5","14973,3","13691,2","14973,3"
09-Jan-2018,"15123,7","15497,5","14424","14595,4"
08-Jan-2018,"16476,2","16537,9","14208,2","15170,1"
07-Jan-2018,"17527,3","17579,6","16087,7","16477,6"
06-Jan-2018,"17462,1","17712,4","16764,6","17527"
05-Jan-2018,"15477,2","17705,2","15202,8","17429,5"
04-Jan-2018,"15270,7","15739,7","14522,2","15599,2"
03-Jan-2018,"14978,2","15572,8","14844,5","15201"
02-Jan-2018,"13625","15444,6","13163,6","14982,1"
01-Jan-2018,"14112,2","14112,2","13154,7","13657,2"
31-Dec-2017,"12897,7","14377,4","12755,6","14156,4"
30-Dec-2017,"14681,9","14681,9","12350,1","12952,2"
29-Dec-2017,"14695,8","15279","14307","14656,2"
28-Dec-2017,"15864,1","15888,4","13937,3","14606,5"
27-Dec-2017,"16163,5","16930,9","15114,3","15838,5"
26-Dec-2017,"14036,6","16461,2","14028,9","16099,8"
25-Dec-2017,"13995,9","14593","13448,9","14026,6"
24-Dec-2017,"14608,2","14626","12747,7","13925,8"
23-Dec-2017,"13948,7","15603,2","13828,8","14699,2"
22-Dec-2017,"15898","15943,4","11833","13831,8"
21-Dec-2017,"16642,4","17567,7","15342,7","15802,9"
20-Dec-2017,"17760,3","17934,7","16077,7","16624,6"
19-Dec-2017,"19118,3","19177,8","17275,4","17776,7"
18-Dec-2017,"19106,4","19371","18355,9","19114,2"
17-Dec-2017,"19475,8","20089","18974,1","19140,8"
16-Dec-2017,"17760,3","19716,7","17515,3","19497,4"
15-Dec-2017,"16601,3","18154,1","16601,3","17706,9"
14-Dec-2017,"16384,6","17085,8","16185,9","16564"
13-Dec-2017,"17500","17653,1","16039,7","16408,2"
12-Dec-2017,"16919,8","17781,8","16571,6","17415,4"
11-Dec-2017,"15427,4","17513,9","15404,8","16936,8"
10-Dec-2017,"15168,4","15850,6","13226,6","15455,4"
09-Dec-2017,"16523,3","16783","13674,9","15178,2"
08-Dec-2017,"17802,9","18353,4","14336,9","16569,4"
07-Dec-2017,"14266,1","17899,7","14057,3","17899,7"
06-Dec-2017,"11923,4","14369,1","11923,4","14291,5"
05-Dec-2017,"11685,7","12032","11604,6","11916,7"
04-Dec-2017,"11315,4","11657,2","11081,8","11657,2"
03-Dec-2017,"11082,7","11858,7","10862","11323,2"
02-Dec-2017,"10978,3","11320,2","10905,1","11074,6"
01-Dec-2017,"10198,6","11046,7","9694,65","10975,6"
30-Nov-2017,"9906,79","10801","9202,05","10233,6"
29-Nov-2017,"10077,4","11517,4","9601,03","9888,61"
28-Nov-2017,"9823,43","10125,7","9736,3","10058,8"
27-Nov-2017,"9352,72","9818,35","9352,72","9818,35"
26-Nov-2017,"8789,04","9522,93","8775,59","9330,55"
25-Nov-2017,"8241,71","8790,92","8191,15","8790,92"
24-Nov-2017,"8074,02","8374,16","7940,93","8253,69"
23-Nov-2017,"8232,38","8267,4","8038,77","8038,77"
22-Nov-2017,"8077,95","8302,26","8075,47","8253,55"
21-Nov-2017,"8205,74","8348,66","7762,71","8071,26"
20-Nov-2017,"8039,07","8336,86","7949,36","8200,64"
19-Nov-2017,"7766,03","8101,91","7694,1","8036,49"
18-Nov-2017,"7697,21","7884,99","7463,44","7790,15"
17-Nov-2017,"7853,57","8004,59","7561,09","7708,99"
16-Nov-2017,"7323,24","7967,38","7176,58","7871,69"
15-Nov-2017,"6634,76","7342,25","6634,76","7315,54"
14-Nov-2017,"6561,48","6764,98","6461,75","6635,75"
13-Nov-2017,"5938,25","6811,19","5844,29","6559,49"
12-Nov-2017,"6295,45","6625,05","5519,01","5950,07"
11-Nov-2017,"6618,61","6873,15","6204,22","6357,6"
10-Nov-2017,"7173,73","7312","6436,87","6618,14"
09-Nov-2017,"7446,83","7446,83","7101,52","7143,58"
08-Nov-2017,"7141,38","7776,42","7114,02","7459,69"
07-Nov-2017,"7023,1","7253,32","7023,1","7144,38"
06-Nov-2017,"7403,22","7445,77","7007,31","7022,76"
05-Nov-2017,"7404,52","7617,48","7333,19","7407,41"
04-Nov-2017,"7164,48","7492,86","7031,28","7379,95"
03-Nov-2017,"7087,53","7461,29","7002,94","7207,76"
02-Nov-2017,"6777,77","7367,33","6758,72","7078,5"
01-Nov-2017,"6440,97","6767,31","6377,88","6767,31"
31-Oct-2017,"6132,02","6470,43","6103,33","6468,4"
30-Oct-2017,"6114,85","6214,99","6040,85","6130,53"
29-Oct-2017,"5754,44","6255,71","5724,58","6153,85"
28-Oct-2017,"5787,82","5876,72","5689,19","5753,09"
27-Oct-2017,"5899,74","5988,39","5728,82","5780,9"
26-Oct-2017,"5747,95","5976,8","5721,22","5904,83"
25-Oct-2017,"5524,6","5754,33","5397,88","5750,8"
24-Oct-2017,"5935,52","5935,52","5504,18","5526,64"
23-Oct-2017,"6006","6075,59","5732,47","5930,32"
22-Oct-2017,"6036,66","6076,26","5792,34","6008,42"
21-Oct-2017,"5996,79","6194,88","5965,07","6031,6"
20-Oct-2017,"5708,11","6060,11","5627,23","6011,45"
19-Oct-2017,"5583,74","5744,35","5531,06","5708,52"
18-Oct-2017,"5603,82","5603,82","5151,44","5590,69"
17-Oct-2017,"5741,58","5800,35","5472,72","5605,51"
16-Oct-2017,"5687,57","5776,23","5544,21","5725,59"
15-Oct-2017,"5835,96","5852,48","5478,61","5678,19"
14-Oct-2017,"5643,53","5837,7","5591,64","5831,79"
13-Oct-2017,"5464,16","5840,3","5436,85","5647,21"
12-Oct-2017,"4829,58","5446,91","4822","5446,91"
11-Oct-2017,"4789,25","4873,73","4751,63","4826,48"
10-Oct-2017,"4776,21","4922,17","4765,1","4781,99"
09-Oct-2017,"4614,52","4878,71","4564,25","4772,02"
08-Oct-2017,"4429,67","4624,14","4405,64","4610,48"
07-Oct-2017,"4369,35","4443,88","4321,05","4426,89"
06-Oct-2017,"4324,46","4413,27","4320,53","4370,81"
05-Oct-2017,"4229,88","4362,64","4164,05","4328,41"
04-Oct-2017,"4319,37","4352,31","4210,42","4229,36"
03-Oct-2017,"4408,46","4432,47","4258,89","4317,48"
02-Oct-2017,"4395,81","4470,23","4377,46","4409,32"
01-Oct-2017,"4341,05","4403,74","4269,81","4403,74"
30-Sep-2017,"4166,11","4358,43","4160,86","4338,71"
29-Sep-2017,"4171,62","4214,63","4039,29","4163,07"
28-Sep-2017,"4197,13","4279,31","4109,7","4174,73"
27-Sep-2017,"3892,94","4210,05","3884,82","4200,67"
26-Sep-2017,"3928,41","3969,89","3869,9","3892,35"
25-Sep-2017,"3681,58","3950,25","3681,58","3926,07"
24-Sep-2017,"3796,15","3796,15","3666,9","3682,84"
23-Sep-2017,"3629,92","3819,21","3594,58","3792,4"
22-Sep-2017,"3628,02","3758,27","3553,53","3630,7"
21-Sep-2017,"3901,47","3916,42","3613,63","3631,04"
20-Sep-2017,"3916,36","4031,39","3857,73","3905,95"
19-Sep-2017,"4073,79","4094,07","3868,87","3924,97"
18-Sep-2017,"3591,09","4079,23","3591,09","4065,2"
17-Sep-2017,"3606,28","3664,81","3445,64","3582,88"
16-Sep-2017,"3637,75","3808,84","3487,79","3625,04"
15-Sep-2017,"3166,3","3733,45","2946,62","3637,52"
14-Sep-2017,"3875,37","3920,6","3153,86","3154,95"
13-Sep-2017,"4131,98","4131,98","3789,92","3882,59"
12-Sep-2017,"4168,88","4344,65","4085,22","4130,81"
11-Sep-2017,"4122,47","4261,67","4099,4","4161,27"
10-Sep-2017,"4229,34","4245,44","3951,04","4122,94"
09-Sep-2017,"4229,81","4308,82","4114,11","4226,06"
08-Sep-2017,"4605,16","4661","4075,18","4228,75"
07-Sep-2017,"4589,14","4655,04","4491,33","4599,88"
06-Sep-2017,"4376,59","4617,25","4376,59","4597,12"
05-Sep-2017,"4228,29","4427,84","3998,11","4376,53"
04-Sep-2017,"4591,63","4591,63","4108,4","4236,31"
03-Sep-2017,"4585,27","4714,08","4417,59","4582,96"
02-Sep-2017,"4901,42","4975,04","4469,24","4578,77"
01-Sep-2017,"4701,76","4892,01","4678,53","4892,01"
31-Aug-2017,"4555,59","4736,05","4549,4","4703,39"
30-Aug-2017,"4570,36","4626,52","4471,41","4565,3"
29-Aug-2017,"4389,21","4625,68","4352,13","4579,02"
28-Aug-2017,"4384,45","4403,93","4224,64","4382,66"
27-Aug-2017,"4345,1","4416,59","4317,29","4382,88"
26-Aug-2017,"4372,06","4379,28","4269,52","4352,4"
25-Aug-2017,"4332,82","4455,7","4307,35","4371,6"
24-Aug-2017,"4137,6","4376,39","4130,26","4334,68"
23-Aug-2017,"4089,01","4255,78","4078,41","4151,52"
22-Aug-2017,"3998,35","4128,76","3674,58","4100,52"
21-Aug-2017,"4090,48","4109,14","3988,6","4001,74"
20-Aug-2017,"4189,31","4196,29","4069,88","4087,66"
19-Aug-2017,"4137,75","4243,26","3970,55","4193,7"
18-Aug-2017,"4324,34","4370,13","4015,4","4160,62"
17-Aug-2017,"4384,44","4484,7","4243,71","4331,69"
16-Aug-2017,"4200,34","4381,23","3994,42","4376,63"
15-Aug-2017,"4326,99","4455,97","3906,18","4181,93"
14-Aug-2017,"4066,1","4325,13","3989,16","4325,13"
13-Aug-2017,"3880,04","4208,39","3857,8","4073,26"
12-Aug-2017,"3650,63","3949,92","3613,7","3884,71"
11-Aug-2017,"3373,82","3679,72","3372,12","3650,62"
10-Aug-2017,"3341,84","3453,45","3319,47","3381,28"
09-Aug-2017,"3420,4","3422,76","3247,67","3342,47"
08-Aug-2017,"3370,22","3484,85","3345,83","3419,94"
07-Aug-2017,"3212,78","3397,68","3180,89","3378,94"
06-Aug-2017,"3257,61","3293,29","3155,6","3213,94"
05-Aug-2017,"2897,63","3290,01","2874,83","3252,91"
04-Aug-2017,"2806,93","2899,33","2743,72","2895,89"
03-Aug-2017,"2709,56","2813,31","2685,14","2804,73"
02-Aug-2017,"2727,13","2762,53","2668,59","2710,67"
01-Aug-2017,"2871,3","2921,35","2685,61","2718,26"
31-Jul-2017,"2763,24","2889,62","2720,61","2875,34"
30-Jul-2017,"2724,39","2758,53","2644,85","2757,18"
29-Jul-2017,"2807,02","2808,76","2692,8","2726,45"
28-Jul-2017,"2679,73","2897,45","2679,73","2809,01"
27-Jul-2017,"2538,71","2693,32","2529,34","2671,78"
26-Jul-2017,"2577,77","2610,76","2450,8","2529,45"
25-Jul-2017,"2757,5","2768,08","2480,96","2576,48"
24-Jul-2017,"2732,7","2777,26","2699,19","2754,86"
23-Jul-2017,"2808,1","2832,18","2653,94","2730,4"
22-Jul-2017,"2668,63","2862,42","2657,71","2810,12"
21-Jul-2017,"2838,41","2838,41","2621,85","2667,76"
20-Jul-2017,"2269,89","2900,7","2269,89","2817,6"
19-Jul-2017,"2323,08","2397,17","2260,23","2273,43"
18-Jul-2017,"2233,52","2387,61","2164,77","2318,88"
17-Jul-2017,"1932,62","2230,49","1932,62","2228,41"
16-Jul-2017,"1991,98","2058,77","1843,03","1929,82"
15-Jul-2017,"2230,12","2231,14","1990,41","1998,86"
14-Jul-2017,"2360,59","2363,25","2183,22","2233,34"
13-Jul-2017,"2402,7","2425,22","2340,83","2357,9"
12-Jul-2017,"2332,77","2423,71","2275,14","2398,84"
11-Jul-2017,"2385,89","2413,47","2296,81","2337,79"
10-Jul-2017,"2525,25","2537,16","2321,13","2372,56"
09-Jul-2017,"2572,61","2635,49","2517,59","2518,44"
08-Jul-2017,"2520,27","2571,34","2492,31","2571,34"
07-Jul-2017,"2608,59","2916,14","2498,87","2518,66"
06-Jul-2017,"2608,1","2616,72","2581,69","2608,56"
05-Jul-2017,"2602,87","2622,65","2538,55","2601,99"
04-Jul-2017,"2561","2631,59","2559,35","2601,64"
03-Jul-2017,"2498,56","2595","2480,47","2564,06"
02-Jul-2017,"2436,4","2514,28","2394,84","2506,47"
01-Jul-2017,"2492,6","2515,27","2419,23","2434,55"
30-Jun-2017,"2539,24","2559,25","2478,43","2480,84"
29-Jun-2017,"2567,56","2588,83","2510,48","2539,32"
28-Jun-2017,"2553,03","2603,98","2484,42","2574,79"
27-Jun-2017,"2478,45","2552,45","2332,99","2552,45"
26-Jun-2017,"2590,57","2615,25","2376,29","2478,45"
25-Jun-2017,"2607,25","2682,26","2552,12","2589,41"
24-Jun-2017,"2738,52","2757,94","2583,19","2608,72"
23-Jun-2017,"2707,34","2765,17","2706,37","2744,91"
22-Jun-2017,"2691,03","2723,74","2642,36","2705,41"
21-Jun-2017,"2709,43","2772,01","2660,4","2689,1"
20-Jun-2017,"2591,26","2763,45","2589,82","2721,79"
19-Jun-2017,"2549,03","2662,85","2549,03","2589,6"
18-Jun-2017,"2655,35","2662,1","2516,33","2548,29"
17-Jun-2017,"2514,01","2685,19","2484,96","2655,88"
16-Jun-2017,"2469,57","2539,92","2385,15","2518,56"
15-Jun-2017,"2499,58","2534,71","2212,96","2464,58"
14-Jun-2017,"2716,88","2786,83","2412,94","2506,37"
13-Jun-2017,"2680,91","2789,04","2650,38","2717,02"
12-Jun-2017,"2953,22","2997,26","2518,56","2659,63"
11-Jun-2017,"2942,41","2996,6","2840,53","2958,11"
10-Jun-2017,"2828,14","2950,99","2746,55","2947,71"
09-Jun-2017,"2807,44","2901,71","2795,62","2823,81"
08-Jun-2017,"2720,49","2815,3","2670,95","2805,62"
07-Jun-2017,"2869,38","2869,38","2700,56","2732,16"
06-Jun-2017,"2690,84","2999,91","2690,84","2863,2"
05-Jun-2017,"2512,4","2686,81","2510,22","2686,81"
04-Jun-2017,"2547,79","2585,89","2452,54","2511,81"
03-Jun-2017,"2493,72","2581,91","2423,57","2515,35"
02-Jun-2017,"2404,03","2488,55","2373,32","2488,55"
01-Jun-2017,"2288,33","2448,39","2288,33","2407,88"
31-May-2017,"2187,19","2311,08","2145,57","2286,41"
30-May-2017,"2255,36","2301,96","2124,57","2175,47"
29-May-2017,"2159,43","2307,05","2107,17","2255,61"
28-May-2017,"2054,08","2267,34","2054,08","2155,8"
27-May-2017,"2196,27","2260,2","1855,83","2038,87"
26-May-2017,"2320,89","2573,79","2071,99","2202,42"
25-May-2017,"2446,24","2763,71","2285,3","2304,98"
24-May-2017,"2321,37","2523,72","2321,37","2443,64"
23-May-2017,"2191,56","2320,82","2178,5","2320,42"
22-May-2017,"2043,19","2303,9","2017,87","2173,4"
21-May-2017,"2067,03","2119,08","2037,5","2041,2"
20-May-2017,"1984,24","2084,73","1974,92","2084,73"
19-May-2017,"1897,37","2004,52","1890,25","1987,71"
18-May-2017,"1818,7","1904,48","1807,12","1888,65"
17-May-2017,"1726,73","1864,05","1661,91","1839,09"
16-May-2017,"1741,7","1785,94","1686,54","1734,45"
15-May-2017,"1808,44","1812,8","1708,54","1738,43"
14-May-2017,"1800,86","1831,42","1776,62","1808,91"
13-May-2017,"1723,12","1812,99","1651,08","1804,91"
12-May-2017,"1845,76","1856,15","1694,01","1724,24"
11-May-2017,"1780,37","1873,93","1755,35","1848,57"
10-May-2017,"1756,52","1788,44","1719,1","1787,13"
09-May-2017,"1723,89","1833,49","1716,3","1755,36"
08-May-2017,"1596,92","1723,35","1596,92","1723,35"
07-May-2017,"1579,47","1596,72","1559,76","1596,71"
06-May-2017,"1556,81","1578,8","1542,5","1578,8"
05-May-2017,"1540,87","1618,03","1530,31","1555,45"
04-May-2017,"1490,72","1608,91","1490,72","1537,67"
03-May-2017,"1453,78","1492,77","1447,49","1490,09"
02-May-2017,"1421,03","1473,9","1415,69","1452,82"
01-May-2017,"1348,3","1434,32","1348,3","1421,6"
30-Apr-2017,"1321,87","1347,91","1314,92","1347,89"
29-Apr-2017,"1317,84","1327,2","1315,21","1321,79"
28-Apr-2017,"1317,74","1331,28","1292,37","1316,48"
27-Apr-2017,"1281,88","1319,7","1281,3","1317,73"
26-Apr-2017,"1265,99","1294,83","1265,93","1281,08"
25-Apr-2017,"1250,45","1267,58","1249,97","1265,49"
24-Apr-2017,"1209,63","1250,94","1209,63","1250,15"
23-Apr-2017,"1231,92","1232,2","1203,94","1207,21"
22-Apr-2017,"1222,71","1235,56","1208,47","1231,71"
21-Apr-2017,"1229,42","1235,94","1215,56","1222,05"
20-Apr-2017,"1211,08","1240,79","1208,41","1229,08"
19-Apr-2017,"1212,13","1215,51","1205,08","1210,29"
18-Apr-2017,"1193,77","1217,57","1193,77","1211,67"
17-Apr-2017,"1183,25","1194,9","1172,65","1193,91"
16-Apr-2017,"1172,61","1187,22","1172,61","1182,94"
15-Apr-2017,"1167,3","1188","1164,96","1172,52"
14-Apr-2017,"1170,33","1190,8","1159,79","1167,54"
13-Apr-2017,"1201,02","1205,89","1156,44","1169,28"
12-Apr-2017,"1204,81","1207,14","1196,76","1200,37"
11-Apr-2017,"1187,46","1208,07","1187,46","1205,01"
10-Apr-2017,"1187,3","1190,34","1179,04","1187,13"
09-Apr-2017,"1176,57","1197,21","1171,86","1187,87"
08-Apr-2017,"1172,65","1184,98","1162,58","1175,95"
07-Apr-2017,"1178,94","1186,58","1163,39","1176,9"
06-Apr-2017,"1125,81","1188,37","1125,81","1182,68"
05-Apr-2017,"1134,14","1135,09","1113,63","1124,78"
04-Apr-2017,"1145,52","1156,44","1120,52","1133,25"
03-Apr-2017,"1102,95","1151,74","1102,95","1143,81"
02-Apr-2017,"1080,61","1107,59","1075,45","1102,17"
01-Apr-2017,"1071,71","1091,72","1061,09","1080,5"
31-Mar-2017,"1026,64","1074,92","1026,64","1071,79"
30-Mar-2017,"1042,21","1049,29","1020,04","1026,43"
29-Mar-2017,"1046,08","1055,13","1015,88","1039,97"
28-Mar-2017,"1044,58","1064,65","1027,73","1047,15"
27-Mar-2017,"972,06","1046,4","971,98","1045,77"
26-Mar-2017,"974,02","1007,96","954,19","966,73"
25-Mar-2017,"936,54","975,76","903,71","972,78"
24-Mar-2017,"1038,45","1040,47","934,36","937,52"
23-Mar-2017,"1050,05","1058,01","1028,93","1038,59"
22-Mar-2017,"1120,65","1120,65","1014,21","1049,14"
21-Mar-2017,"1055,36","1122,43","1055,36","1120,54"
20-Mar-2017,"1037,24","1063,03","1036,68","1054,23"
19-Mar-2017,"976,73","1069,91","976,73","1036,74"
18-Mar-2017,"1099,69","1114,07","957,66","973,82"
17-Mar-2017,"1180,16","1180,16","1099,57","1100,23"
16-Mar-2017,"1251,33","1257,98","1152,44","1187,81"
15-Mar-2017,"1240,16","1251,61","1239,75","1249,61"
14-Mar-2017,"1232,16","1244,81","1220,72","1240"
13-Mar-2017,"1221,78","1237,37","1217,03","1231,92"
12-Mar-2017,"1176,62","1226,98","1175,36","1221,38"
11-Mar-2017,"1116,32","1193,83","1116,32","1175,83"
10-Mar-2017,"1189,36","1270,47","1077,25","1116,72"
09-Mar-2017,"1150,35","1197,46","1141,23","1188,49"
08-Mar-2017,"1223,23","1232,16","1148,08","1150"
07-Mar-2017,"1273,21","1275,55","1204,8","1223,54"
06-Mar-2017,"1267,47","1276","1264,6","1272,83"
05-Mar-2017,"1254,29","1267,29","1238,06","1267,12"
04-Mar-2017,"1277,43","1279,4","1230,51","1255,15"
03-Mar-2017,"1250,71","1280,31","1250,71","1274,99"
02-Mar-2017,"1224,68","1262,13","1215,62","1251,01"
01-Mar-2017,"1180,04","1222,5","1179,69","1222,5"
28-Feb-2017,"1180,72","1193,25","1171,82","1179,97"
27-Feb-2017,"1163,78","1181,98","1163,38","1179,97"
26-Feb-2017,"1144,27","1167,47","1130,2","1165,2"
25-Feb-2017,"1170,41","1174,85","1124,59","1143,84"
24-Feb-2017,"1172,71","1200,39","1131,96","1173,68"
23-Feb-2017,"1117,27","1176,62","1116,96","1166,72"
22-Feb-2017,"1114,8","1125,39","1100,55","1117,44"
21-Feb-2017,"1079,28","1117,25","1076,93","1115,3"
20-Feb-2017,"1048,69","1080,49","1041,69","1079,98"
19-Feb-2017,"1054,76","1056,81","1043,46","1047,87"
18-Feb-2017,"1049,21","1061,1","1046,96","1054,42"
17-Feb-2017,"1026,12","1053,17","1025,64","1046,21"
16-Feb-2017,"1007,65","1033,37","1007,65","1027,44"
15-Feb-2017,"1006,21","1008,84","1001,58","1007,48"
14-Feb-2017,"991,74","1011,51","986,47","1004,55"
13-Feb-2017,"998,89","1002,1","976","990,64"
12-Feb-2017,"1003,52","1004,76","996,92","999,18"
11-Feb-2017,"988,9","1009,29","982,83","1004,45"
10-Feb-2017,"995,63","998,91","946,69","988,67"
09-Feb-2017,"1064,7","1088,99","953,34","994,38"
08-Feb-2017,"1062,32","1078,97","1037,49","1063,07"
07-Feb-2017,"1040,14","1061,93","1040,14","1061,35"
06-Feb-2017,"1028,4","1044,64","1028,16","1038,15"
05-Feb-2017,"1043,52","1043,63","1022,37","1027,34"
04-Feb-2017,"1031,33","1045,9","1015,16","1042,9"
03-Feb-2017,"1011,46","1033,87","1008,79","1029,91"
02-Feb-2017,"990","1013,52","983,22","1011,8"
01-Feb-2017,"970,94","989,11","970,74","989,02"
31-Jan-2017,"920,96","972,02","920,96","970,4"
30-Jan-2017,"920,15","923,05","919,47","920,38"
29-Jan-2017,"922,07","923,42","919,15","919,5"
28-Jan-2017,"919,81","923,91","919,81","921,59"
27-Jan-2017,"918,36","923,22","915,85","919,75"
26-Jan-2017,"902,4","919,33","902,22","917,59"
25-Jan-2017,"891,92","903,25","891,69","901,54"
24-Jan-2017,"910,68","924,15","892,29","892,69"
23-Jan-2017,"925,5","928,27","916,74","921,01"
22-Jan-2017,"922,21","937,53","897,56","924,67"
21-Jan-2017,"895,55","927,37","895,54","921,79"
20-Jan-2017,"898,17","899,4","887,01","895,03"
19-Jan-2017,"888,34","904,61","884,34","899,07"
18-Jan-2017,"909,37","917,5","858,3","886,62"
17-Jan-2017,"830,95","910,56","830,8","907,94"
16-Jan-2017,"821,78","834,53","820,27","831,53"
15-Jan-2017,"818,14","823,31","812,87","821,8"
14-Jan-2017,"825,14","835,09","812,46","818,41"
13-Jan-2017,"803,74","829","780","823,98"
12-Jan-2017,"775,18","826,25","755,76","804,83"
11-Jan-2017,"908,12","919,45","762,77","777,76"
10-Jan-2017,"902,44","914,87","901,06","907,68"
09-Jan-2017,"913,24","913,69","879,81","902,83"
08-Jan-2017,"908,18","942,72","887,25","911,2"
07-Jan-2017,"903,49","908,59","823,56","908,59"
06-Jan-2017,"1014,24","1046,81","883,94","902,2"
05-Jan-2017,"1156,73","1191,1","910,42","1013,38"
04-Jan-2017,"1044,4","1159,42","1044,4","1154,73"
03-Jan-2017,"1021,6","1044,08","1021,6","1043,84"
02-Jan-2017,"998,62","1031,39","996,7","1021,75"
01-Jan-2017,"963,66","1003,08","958,7","998,33"
31-Dec-2016,"960,63","963,74","947,24","963,74"
30-Dec-2016,"972,54","972,54","934,83","961,24"
29-Dec-2016,"975,13","979,4","954,5","973,5"
28-Dec-2016,"934,83","975,92","934,83","975,92"
27-Dec-2016,"908,35","940,05","904,26","933,2"
26-Dec-2016,"896,91","913,18","896,9","907,61"
25-Dec-2016,"899,65","899,65","862,42","896,18"
24-Dec-2016,"922,18","923,48","886,34","898,82"
23-Dec-2016,"864,89","925,12","864,68","921,98"
22-Dec-2016,"834,18","875,78","834,15","864,54"
21-Dec-2016,"800,64","834,28","799,41","834,28"
20-Dec-2016,"792,25","801,34","791,5","800,88"
19-Dec-2016,"790,69","793,61","790,32","792,71"
18-Dec-2016,"791,01","794,74","788,03","790,53"
17-Dec-2016,"785,17","792,51","784,86","790,83"
16-Dec-2016,"778,96","785,03","778,96","784,91"
15-Dec-2016,"780,07","781,44","777,8","778,09"
14-Dec-2016,"780,01","782,03","776,84","781,48"
13-Dec-2016,"780,65","788,46","777,96","780,56"
12-Dec-2016,"770,04","781,92","770,04","780,09"
11-Dec-2016,"774,75","774,8","765,41","769,73"
10-Dec-2016,"773,02","777,09","772,91","774,65"
09-Dec-2016,"769,94","774,53","769,65","772,79"
08-Dec-2016,"768,08","774,7","765,95","770,81"
07-Dec-2016,"764,21","771,54","759,75","768,13"
06-Dec-2016,"758,72","765,62","758,72","764,22"
05-Dec-2016,"773,39","773,47","751,71","758,7"
04-Dec-2016,"771,64","773,87","768,16","773,87"
03-Dec-2016,"778,25","778,25","764,86","771,16"
02-Dec-2016,"757,55","781,3","757,55","777,94"
01-Dec-2016,"746,05","758,28","746,05","756,77"
30-Nov-2016,"736,28","747,93","736,27","745,69"
29-Nov-2016,"736,33","737,47","734,56","735,6"
28-Nov-2016,"732,48","738,01","732,48","735,81"
27-Nov-2016,"735,44","739,02","731,09","732,04"
26-Nov-2016,"741,51","742,21","729,63","735,38"
25-Nov-2016,"740,44","741,65","734,59","741,65"
24-Nov-2016,"744,62","746,83","733,49","740,29"
23-Nov-2016,"751,74","752,25","738,92","744,59"
22-Nov-2016,"739,64","753,87","736,53","751,35"
21-Nov-2016,"731,27","741,72","730,51","739,25"
20-Nov-2016,"751,88","755,48","717,94","731,03"
19-Nov-2016,"751,83","756,24","744,47","751,62"
18-Nov-2016,"740,71","752,88","736,89","751,59"
17-Nov-2016,"744,88","755,65","739,51","740,98"
16-Nov-2016,"711,17","747,62","709,04","744,2"
15-Nov-2016,"705,79","715,72","705,26","711,62"
14-Nov-2016,"702","706,28","699,81","705,02"
13-Nov-2016,"705,2","705,26","687,32","702,03"
12-Nov-2016,"716,75","717,15","704,04","705,05"
11-Nov-2016,"715,56","718,32","714,41","716,41"
10-Nov-2016,"722,84","723,02","711,21","715,53"
09-Nov-2016,"709,83","740,05","708,61","723,27"
08-Nov-2016,"703,09","712,99","702,39","709,85"
07-Nov-2016,"710,74","710,74","699,9","703,13"
06-Nov-2016,"703,81","714,26","699,56","711,52"
05-Nov-2016,"703,53","707,51","697,74","703,42"
04-Nov-2016,"689,12","706,93","685,56","703,24"
03-Nov-2016,"742,35","745,77","678,16","688,7"
02-Nov-2016,"730,07","740,83","722,35","740,83"
01-Nov-2016,"701,34","736,45","701,34","729,79"
31-Oct-2016,"702,64","709,29","691,68","700,97"
30-Oct-2016,"714,12","714,12","696,48","701,86"
29-Oct-2016,"690,29","720,4","690,05","714,48"
28-Oct-2016,"688","690,44","684,16","689,65"
27-Oct-2016,"678,21","688,59","678,04","688,31"
26-Oct-2016,"657,68","679,73","657,68","678,3"
25-Oct-2016,"654","664,42","653,7","657,59"
24-Oct-2016,"657,16","657,25","652,6","653,76"
23-Oct-2016,"657,62","661,13","653,89","657,07"
22-Oct-2016,"633,14","658,2","632,85","657,29"
21-Oct-2016,"630,83","634,09","630,69","632,83"
20-Oct-2016,"630,66","631,92","628,26","630,86"
19-Oct-2016,"638,13","638,87","628,01","630,52"
18-Oct-2016,"639,41","640,74","636","637,96"
17-Oct-2016,"641,82","642,33","638,66","639,19"
16-Oct-2016,"639,08","642,9","638,9","641,63"
15-Oct-2016,"640,31","642,1","637,39","638,65"
14-Oct-2016,"637,01","641,29","637,01","640,38"
13-Oct-2016,"636,03","638,83","635,03","636,79"
12-Oct-2016,"640,87","641,34","635,97","636,19"
11-Oct-2016,"619,24","642,08","618,5","641,07"
10-Oct-2016,"616,82","621,32","616,2","618,99"
09-Oct-2016,"619,17","619,2","616,61","616,75"
08-Oct-2016,"617,34","619,85","617,34","619,11"
07-Oct-2016,"612,61","617,91","611,82","617,12"
06-Oct-2016,"612,47","613,82","611,47","613,02"
05-Oct-2016,"610,22","613,81","609,62","612,51"
04-Oct-2016,"612,05","612,05","609,48","610,2"
03-Oct-2016,"610,97","612,57","610,46","612,13"
02-Oct-2016,"613,95","614,01","609,68","610,89"
01-Oct-2016,"609,93","615,24","609,93","613,98"
30-Sep-2016,"605,72","609,74","604,14","609,74"
29-Sep-2016,"605,02","606,82","604,85","605,69"
28-Sep-2016,"606,24","606,59","604,61","604,73"
27-Sep-2016,"608,02","608,25","604,11","606,17"
26-Sep-2016,"600,81","608,14","600,35","608,04"
25-Sep-2016,"602,75","603,38","599,71","600,83"
24-Sep-2016,"602,96","604,58","602,05","602,63"
23-Sep-2016,"596,2","603,21","595,79","602,84"
22-Sep-2016,"597,28","598,49","596,21","596,3"
21-Sep-2016,"603,59","603,59","595,88","597,15"
20-Sep-2016,"609,25","609,53","607,94","608,31"
19-Sep-2016,"609,87","610,93","608,27","609,23"
18-Sep-2016,"606,28","610,16","605,86","609,87"
17-Sep-2016,"607,22","607,86","605,19","605,98"
16-Sep-2016,"607,25","609,26","606,74","606,97"
15-Sep-2016,"610,59","611,09","607,16","607,16"
14-Sep-2016,"608,84","611,95","608,41","610,68"
13-Sep-2016,"608,03","611,19","606,93","609,24"
12-Sep-2016,"607,01","608,46","605,41","608,24"
11-Sep-2016,"623,42","628,82","600,51","606,72"
10-Sep-2016,"622,93","625,1","622,4","623,51"
09-Sep-2016,"626,35","626,83","620,26","622,86"
08-Sep-2016,"614,64","628,77","613,84","626,32"
07-Sep-2016,"610,57","614,55","608,51","614,54"
06-Sep-2016,"606,51","610,83","605,09","610,44"
05-Sep-2016,"608,99","609,06","602,24","606,59"
04-Sep-2016,"598,59","611,84","596,85","608,63"
03-Sep-2016,"575,56","599,5","574,06","598,21"
02-Sep-2016,"572,41","575,64","570,81","575,54"
01-Sep-2016,"575,55","576,31","571,81","572,3"
31-Aug-2016,"577,59","577,86","573,64","575,47"
30-Aug-2016,"574,11","578,36","574,11","577,5"
29-Aug-2016,"574,07","576,28","573,47","574,11"
28-Aug-2016,"569,83","574,04","569,74","573,91"
27-Aug-2016,"579,45","579,85","568,63","569,95"
26-Aug-2016,"577,75","580,62","576,86","579,65"
25-Aug-2016,"580,18","580,45","575,17","577,76"
24-Aug-2016,"583,41","583,59","579,86","580,18"
23-Aug-2016,"586,77","589,47","581,63","583,42"
22-Aug-2016,"581,31","588,45","580,59","586,75"
21-Aug-2016,"581,94","584,16","580,22","581,31"
20-Aug-2016,"576,08","582,82","575,46","581,7"
19-Aug-2016,"574,34","578,24","574,18","575,63"
18-Aug-2016,"573,71","577,79","573,43","574,32"
17-Aug-2016,"577,76","580,89","571,43","573,22"
16-Aug-2016,"567,24","581,74","566,72","577,44"
15-Aug-2016,"570,49","573,58","563,24","567,24"
14-Aug-2016,"585,59","585,67","564,78","570,47"
13-Aug-2016,"587,36","589,77","584,98","585,59"
12-Aug-2016,"588,8","589,91","583,81","587,56"
11-Aug-2016,"592,12","597,54","589,12","589,12"
10-Aug-2016,"587,65","599,98","586,37","592,1"
09-Aug-2016,"591,04","591,09","584,79","587,8"
08-Aug-2016,"592,74","592,99","588,05","591,05"
07-Aug-2016,"587,77","597,51","586,82","592,69"
06-Aug-2016,"575,03","588,4","569,47","587,78"
05-Aug-2016,"578,28","578,28","569,98","575,04"
04-Aug-2016,"566,33","579,5","565,78","578,29"
03-Aug-2016,"548,66","573,36","541,55","566,36"
02-Aug-2016,"606,4","612,85","531,33","547,47"
01-Aug-2016,"624,6","626,12","605,88","606,27"
31-Jul-2016,"655,1","655,29","624,37","624,68"
30-Jul-2016,"657,01","658,22","654,21","655,05"
29-Jul-2016,"655,11","657,8","654,79","656,99"
28-Jul-2016,"654,49","657,6","654,49","655,04"
27-Jul-2016,"651,63","657,46","648,45","654,35"
26-Jul-2016,"654,23","656,23","645,88","651,78"
25-Jul-2016,"661,26","661,83","653,4","654,1"
24-Jul-2016,"655,41","663,11","652,79","661,29"
23-Jul-2016,"650,73","656,37","648,52","655,56"
22-Jul-2016,"664,92","666,58","646,72","650,62"
21-Jul-2016,"665,23","666,22","660,42","665,01"
20-Jul-2016,"672,81","672,93","663,36","665,69"
19-Jul-2016,"672,74","673,28","667,63","672,86"
18-Jul-2016,"679,81","681,56","668,63","673,11"
17-Jul-2016,"661,99","682,37","661,99","679,46"
16-Jul-2016,"663,78","666,46","659,33","660,77"
15-Jul-2016,"659,17","667,08","659,04","663,26"
14-Jul-2016,"652,92","662,9","652,92","658,08"
13-Jul-2016,"664,8","668,7","654,47","654,47"
12-Jul-2016,"648,28","675,26","646,78","664,55"
11-Jul-2016,"648,48","659,63","644,98","647,66"
10-Jul-2016,"650,6","652,29","641,26","649,36"
09-Jul-2016,"666,38","666,38","633,4","650,96"
08-Jul-2016,"640,69","666,71","636,47","666,52"
07-Jul-2016,"678,09","682,43","611,83","640,56"
06-Jul-2016,"670,42","681,9","670,42","677,33"
05-Jul-2016,"683,21","683,49","665,07","670,63"
04-Jul-2016,"658,8","683,66","650,51","683,66"
03-Jul-2016,"704,97","704,97","649,01","658,66"
02-Jul-2016,"676,73","703,7","676,4","703,7"
01-Jul-2016,"672,52","686,15","669,59","676,3"
30-Jun-2016,"640,59","675,4","636,61","673,34"
29-Jun-2016,"644,12","644,68","628,28","639,89"
28-Jun-2016,"658,1","659,25","637,77","647"
27-Jun-2016,"629,35","655,28","620,52","655,28"
26-Jun-2016,"665,93","665,98","616,93","629,37"
25-Jun-2016,"665,28","691,73","646,56","665,12"
24-Jun-2016,"625,58","681,73","625,27","665,3"
23-Jun-2016,"597,44","629,33","558,14","623,98"
22-Jun-2016,"665,92","678,67","587,48","596,12"
21-Jun-2016,"735,88","735,88","639,07","666,65"
20-Jun-2016,"763,93","764,08","732,73","737,23"
19-Jun-2016,"756,69","766,62","745,63","763,78"
18-Jun-2016,"748,76","777,99","733,93","756,23"
17-Jun-2016,"768,49","775,36","716,56","748,91"
16-Jun-2016,"696,52","773,72","696,52","766,31"
15-Jun-2016,"685,69","696,3","672,56","694,47"
14-Jun-2016,"704,5","704,5","662,8","685,56"
13-Jun-2016,"671,65","716","664,49","704,38"
12-Jun-2016,"609,68","684,84","607,04","672,78"
11-Jun-2016,"578,67","607,12","578,67","606,73"
10-Jun-2016,"575,84","579,13","573,33","577,47"
09-Jun-2016,"582,2","582,2","570,95","574,63"
08-Jun-2016,"577,17","582,84","573,13","581,65"
07-Jun-2016,"585,45","590,26","567,51","576,6"
06-Jun-2016,"574,6","586,47","574,6","585,54"
05-Jun-2016,"573,31","582,81","569,18","574,98"
04-Jun-2016,"569,71","590,13","564,24","572,73"
03-Jun-2016,"537,68","574,64","536,92","569,19"
02-Jun-2016,"536,52","540,35","533,08","537,97"
01-Jun-2016,"531,11","543,08","525,64","536,92"
31-May-2016,"534,19","546,62","520,66","531,39"
30-May-2016,"528,47","544,35","522,96","533,86"
29-May-2016,"527,48","553,96","512,18","526,23"
28-May-2016,"473,03","533,47","472,7","530,04"
27-May-2016,"453,52","478,15","453,52","473,46"
26-May-2016,"449,67","453,64","447,9","453,38"
25-May-2016,"446,06","450,3","446,06","449,6"
24-May-2016,"444,29","447,1","443,93","445,98"
23-May-2016,"439,35","444,35","438,82","444,16"
22-May-2016,"443,22","443,43","439,04","439,32"
21-May-2016,"442,97","443,78","441,71","443,19"
20-May-2016,"437,79","444,05","437,39","442,68"
19-May-2016,"454,52","454,63","438,72","438,72"
18-May-2016,"453,69","456","453,3","454,62"
17-May-2016,"454,01","455,07","453,61","453,78"
16-May-2016,"457,59","458,2","452,95","454,16"
15-May-2016,"455,76","458,69","455,46","457,57"
14-May-2016,"455,82","456,84","454,79","455,67"
13-May-2016,"454,85","457,06","453,45","455,67"
12-May-2016,"452,45","454,95","449,25","454,77"
11-May-2016,"450,86","454,58","450,86","452,73"
10-May-2016,"460,52","461,93","448,95","450,9"
09-May-2016,"458,21","462,48","456,53","460,48"
08-May-2016,"458,43","459,42","455,98","458,55"
07-May-2016,"459,64","460,68","457,32","458,54"
06-May-2016,"447,94","461,38","447,07","459,6"
05-May-2016,"446,71","448,51","445,88","447,98"
04-May-2016,"450,18","450,38","445,63","446,72"
03-May-2016,"444,73","451,1","442,62","450,3"
02-May-2016,"451,93","452,45","441,78","444,67"
01-May-2016,"448,48","452,48","447,93","451,88"
30-Apr-2016,"455,18","455,59","447,7","448,32"
29-Apr-2016,"449,41","455,38","446,02","455,1"
28-Apr-2016,"445,04","449,55","436,65","449,01"
27-Apr-2016,"466,26","467,08","444,13","444,69"
26-Apr-2016,"461,65","467,97","461,62","466,09"
25-Apr-2016,"459,12","466,62","453,59","461,43"
24-Apr-2016,"450,56","460,15","448,93","458,56"
23-Apr-2016,"445,86","450,28","444,33","450,28"
22-Apr-2016,"449,69","449,81","444,15","445,74"
21-Apr-2016,"441,42","450,55","440,95","449,43"
20-Apr-2016,"435,32","443,05","434,41","441,39"
19-Apr-2016,"428,7","436,02","428,1","435,51"
18-Apr-2016,"427,61","429,27","427,09","428,59"
17-Apr-2016,"430,64","431,37","426,08","427,4"
16-Apr-2016,"429,58","432,63","428,98","430,57"
15-Apr-2016,"424,43","429,93","424,43","429,71"
14-Apr-2016,"423,94","425,37","423,01","424,28"
13-Apr-2016,"425,63","426,66","422,92","423,73"
12-Apr-2016,"422,84","427,28","422,84","425,19"
11-Apr-2016,"421,87","422,74","420,53","422,48"
10-Apr-2016,"419,59","422,44","419,26","421,56"
09-Apr-2016,"420,81","420,89","416,52","419,41"
08-Apr-2016,"422,91","425,36","419,64","420,35"
07-Apr-2016,"423,62","423,66","420,52","422,75"
06-Apr-2016,"424,28","424,53","422,73","423,41"
05-Apr-2016,"421,02","424,26","420,61","424,03"
04-Apr-2016,"421,3","422,34","419,6","421,44"
03-Apr-2016,"421,17","421,58","419,7","420,9"
02-Apr-2016,"418,42","422,08","418,42","420,87"
01-Apr-2016,"416,76","418,17","415,83","417,96"
31-Mar-2016,"415,26","418,37","415,26","416,73"
30-Mar-2016,"416,83","416,83","412,5","414,82"
29-Mar-2016,"424,3","426,2","412,68","416,52"
28-Mar-2016,"426,55","426,86","423,29","424,23"
27-Mar-2016,"418,14","428,8","417,71","426,77"
26-Mar-2016,"417,37","418,99","416,26","417,95"
25-Mar-2016,"416,51","418,08","415,56","417,18"
24-Mar-2016,"418,42","418,68","415,49","416,39"
23-Mar-2016,"418,16","419,27","417,36","418,04"
22-Mar-2016,"413,13","418,38","412,53","418,09"
21-Mar-2016,"413,42","413,42","410,38","413,31"
20-Mar-2016,"410,4","414,63","410,4","413,76"
19-Mar-2016,"409,27","410,98","407,23","410,44"
18-Mar-2016,"420,55","420,55","406,14","409,55"
17-Mar-2016,"417,89","421","417,89","420,62"
16-Mar-2016,"416,89","417,69","415,91","417,01"
15-Mar-2016,"416,39","418,13","414,99","416,83"
14-Mar-2016,"414,2","416,68","414,2","416,44"
13-Mar-2016,"411,65","416,6","411,64","414,07"
12-Mar-2016,"421,61","421,8","410,09","411,62"
11-Mar-2016,"417,24","423,93","417,01","421,69"
10-Mar-2016,"414,74","417,51","413,25","417,13"
09-Mar-2016,"413,89","416,03","411,61","414,86"
08-Mar-2016,"414,47","416,24","411,09","413,97"
07-Mar-2016,"407,76","415,92","406,31","414,32"
06-Mar-2016,"400,53","411,91","395,78","407,71"
05-Mar-2016,"410,78","411,26","394,04","400,57"
04-Mar-2016,"421,84","425,18","410,94","410,94"
03-Mar-2016,"423,91","425,37","419,41","421,65"
02-Mar-2016,"435,13","435,92","423,99","423,99"
01-Mar-2016,"437,92","439,65","432,32","435,12"
29-Feb-2016,"433,44","441,51","431,69","437,7"
28-Feb-2016,"432,57","435,68","423,82","433,5"
27-Feb-2016,"432,84","434,23","428,1","432,52"
26-Feb-2016,"424,63","432,15","421,62","432,15"
25-Feb-2016,"425,04","427,72","420,42","424,54"
24-Feb-2016,"420,96","425,55","413,91","424,96"
23-Feb-2016,"438,26","439,86","417,82","420,74"
22-Feb-2016,"438,99","439,05","432,92","437,75"
21-Feb-2016,"437,77","448,05","429,08","438,8"
20-Feb-2016,"421,6","441,98","421,6","437,16"
19-Feb-2016,"422,73","423,1","417,6","420,79"
18-Feb-2016,"416,57","426","415,64","422,37"
17-Feb-2016,"407,66","421,17","406,78","416,32"
16-Feb-2016,"401,43","408,95","401,43","407,49"
15-Feb-2016,"407,57","410,38","397,75","400,19"
14-Feb-2016,"392,93","407,23","392,93","407,23"
13-Feb-2016,"384,64","391,86","384,64","391,86"
12-Feb-2016,"379,69","384,95","379,6","384,26"
11-Feb-2016,"382,11","383,13","376,4","379,65"
10-Feb-2016,"376,15","385,48","375,78","381,65"
09-Feb-2016,"373,42","377,25","372,9","376,03"
08-Feb-2016,"376,76","379,88","373,33","373,45"
07-Feb-2016,"376,51","380,87","374,9","376,62"
06-Feb-2016,"386,59","386,63","372,39","376,52"
05-Feb-2016,"388,9","391,09","385,57","386,55"
04-Feb-2016,"370,17","391,61","369,99","389,59"
03-Feb-2016,"374,65","374,95","368,05","369,95"
02-Feb-2016,"372,92","375,88","372,92","374,45"
01-Feb-2016,"369,35","378,07","367,96","373,06"
31-Jan-2016,"378,29","380,35","367,84","368,77"
30-Jan-2016,"378,87","380,92","376,49","378,26"
29-Jan-2016,"380,11","384,38","365,45","379,47"
28-Jan-2016,"395,15","395,5","379,74","380,29"
27-Jan-2016,"392,44","396,84","391,78","394,97"
26-Jan-2016,"392","397,77","390,58","392,15"
25-Jan-2016,"402,32","402,32","388,55","391,73"
24-Jan-2016,"388,1","405,49","387,51","402,97"
23-Jan-2016,"382,43","394,54","381,98","387,49"
22-Jan-2016,"409,75","410,41","375,28","382,49"
21-Jan-2016,"419,63","422,88","406,3","410,26"
20-Jan-2016,"379,74","425,27","376,6","420,23"
19-Jan-2016,"387,03","387,73","378,97","380,15"
18-Jan-2016,"381,73","388,1","376,67","387,17"
17-Jan-2016,"387,15","390,97","380,09","382,3"
16-Jan-2016,"365,07","390,56","354,91","387,54"
15-Jan-2016,"430,26","430,26","364,33","364,33"
14-Jan-2016,"432,29","433,32","427,85","430,31"
13-Jan-2016,"434,67","435,19","424,44","432,37"
12-Jan-2016,"448,18","448,18","435,69","435,69"
11-Jan-2016,"448,7","450,66","443,86","448,43"
10-Jan-2016,"448,24","448,31","440,35","447,99"
09-Jan-2016,"453,38","454,64","446,89","447,61"
08-Jan-2016,"457,54","462,93","447,94","453,23"
07-Jan-2016,"430,01","458,77","429,08","458,05"
06-Jan-2016,"431,86","431,86","426,34","429,11"
05-Jan-2016,"433,07","434,18","429,68","431,96"
04-Jan-2016,"430,06","434,52","429,08","433,09"
03-Jan-2016,"433,58","433,74","424,71","430,01"
02-Jan-2016,"434,62","436,06","431,87","433,44"
01-Jan-2016,"430,72","436,25","427,52","434,33"
31-Dec-2015,"425,88","432,92","418,74","430,57"
30-Dec-2015,"433,3","434,39","422,08","426,62"
29-Dec-2015,"422,1","432,98","420,63","432,98"
28-Dec-2015,"423,34","429,77","418,48","422,28"
27-Dec-2015,"416,51","424,01","408,88","422,82"
26-Dec-2015,"455,76","457,49","405,76","417,27"
25-Dec-2015,"454,86","458,31","452,08","455,65"
24-Dec-2015,"443,09","458,46","443,08","454,99"
23-Dec-2015,"436,72","444,53","436,62","442,4"
22-Dec-2015,"437,44","443,69","435,52","436,57"
21-Dec-2015,"442,84","444,73","427,31","438,64"
20-Dec-2015,"462,23","462,65","434,34","442,69"
19-Dec-2015,"463,55","465,58","456,77","462,32"
18-Dec-2015,"455,85","465,18","454,94","463,62"
17-Dec-2015,"454,78","457,86","448,86","456,08"
16-Dec-2015,"465,21","465,21","443,85","454,93"
15-Dec-2015,"443,88","465,32","443,88","465,32"
14-Dec-2015,"433,27","447,14","430,46","444,18"
13-Dec-2015,"431,66","441,68","426,27","433,76"
12-Dec-2015,"452,34","469,1","410,74","435"
11-Dec-2015,"415,28","451,94","415,28","451,94"
10-Dec-2015,"417,99","419,51","411,55","415,48"
09-Dec-2015,"414,44","423,12","406,29","417,56"
08-Dec-2015,"395,75","415,56","389,95","415,56"
07-Dec-2015,"389,98","399,97","385,41","395,54"
06-Dec-2015,"389,56","402,81","387,09","388,78"
05-Dec-2015,"363,72","389,79","363,23","388,95"
04-Dec-2015,"361,26","363,52","355,76","363,18"
03-Dec-2015,"359,33","370,28","357,41","361,05"
02-Dec-2015,"361,85","362,23","349,47","359,19"
01-Dec-2015,"377,41","378,93","356,56","362,49"
30-Nov-2015,"371,44","382,36","370,38","377,32"
29-Nov-2015,"357,47","371,94","355,67","371,29"
28-Nov-2015,"357,14","359,54","352,17","357,38"
27-Nov-2015,"351,86","363,59","347,87","358,04"
26-Nov-2015,"328,3","366,76","328,23","352,68"
25-Nov-2015,"320,05","329,13","316,77","328,21"
24-Nov-2015,"323,01","323,06","318,12","320,05"
23-Nov-2015,"324,35","325,12","321,29","323,05"
22-Nov-2015,"326,98","327,01","321,26","324,54"
21-Nov-2015,"322,09","328,16","319,6","326,93"
20-Nov-2015,"326,41","326,47","312,22","322,02"
19-Nov-2015,"334,68","335,33","325,27","326,15"
18-Nov-2015,"334,59","336,53","330,64","334,59"
17-Nov-2015,"330,36","338,35","329,61","335,09"
16-Nov-2015,"319,74","331,63","315,91","330,75"
15-Nov-2015,"333,05","334,66","317,49","320,17"
14-Nov-2015,"336,62","338,18","329,97","332,91"
13-Nov-2015,"338,5","340,91","326,08","336,75"
12-Nov-2015,"314,08","345,08","313,36","338,15"
11-Nov-2015,"339,82","340,59","301","311,08"
10-Nov-2015,"379,98","381,39","329,11","336,82"
09-Nov-2015,"374,32","385,28","362,9","380,26"
08-Nov-2015,"384,28","389,9","368,7","373,37"
07-Nov-2015,"374,27","390,59","372,43","386,48"
06-Nov-2015,"388,05","395,84","354,03","374,47"
05-Nov-2015,"408,08","447,56","374,58","386,35"
04-Nov-2015,"403,66","495,56","380,55","411,56"
03-Nov-2015,"361,87","417,9","357,65","403,42"
02-Nov-2015,"325,94","365,36","323,21","361,19"
01-Nov-2015,"315,01","327,47","311,88","325,43"
31-Oct-2015,"328,51","332,78","309,25","314,17"
30-Oct-2015,"313,94","334,17","313,94","328,02"
